date,country,pct_ili,pct_cli,pct_tested,region
2020-11-01,Afghanistan,17.4,17.91,16.22,
2020-11-01,Aland Islands,13.6,17.07,28.46,
2020-11-01,Albania,8.45,8.95,12.53,
2020-11-01,Algeria,6.23,6.8,5.98,
2020-11-01,American Samoa,11.56,11.56,33.54,
2020-11-01,Andorra,12.49,13.23,33.46,
2020-11-01,Angola,1.86,2.2,11.45,
2020-11-01,Argentina,1.53,1.76,5.42,
2020-11-01,Armenia,10.19,10.36,13.48,
2020-11-01,Australia,1.52,1.62,4.41,
2020-11-01,Austria,1.95,1.96,7.67,
2020-11-01,Azerbaijan,4.34,4.99,10.16,
2020-11-01,Bangladesh,7.25,7.4,5.79,
2020-11-01,Belarus,6.73,7.74,10.55,
2020-11-01,Belgium,1.49,1.64,11.08,
2020-11-01,Benin,2.1,2.1,8.44,
2020-11-01,Bolivia,4.13,4.56,6.57,
2020-11-01,Bosnia and Herzegovina,3.2,3.54,8.08,
2020-11-01,Brazil,1.63,1.8,4.87,
2020-11-01,Bulgaria,1.83,1.82,7.91,
2020-11-01,Burkina Faso,7.26,7.26,5.06,
2020-11-01,Cambodia,6.1,7.08,4.67,
2020-11-01,Cameroon,3.95,4.44,5.75,
2020-11-01,Canada,0.67,0.65,4.07,
2020-11-01,Chile,0.97,1.14,7.57,
2020-11-01,Colombia,2.76,3.05,6.22,
2020-11-01,Costa Rica,2.9,3.2,4.44,
2020-11-01,Croatia,2.42,2.55,4.37,
2020-11-01,Czech Republic,1.87,1.85,9.82,
2020-11-01,Côte d'Ivoire,3.9,3.68,6.19,
2020-11-01,Democratic Republic of the Congo,3.73,3.73,9.45,
2020-11-01,Denmark,0.88,0.96,14.54,
2020-11-01,Dominican Republic,2.35,2.77,6.59,
2020-11-01,Ecuador,2.7,3.09,7.15,
2020-11-01,Egypt,2.62,3.14,3.06,
2020-11-01,El Salvador,3.03,3.43,3.4,
2020-11-01,Ethiopia,2.63,2.32,10.26,
2020-11-01,Finland,0.58,0.7,4.82,
2020-11-01,France,1.26,1.34,9.36,
2020-11-01,Germany,0.62,0.64,6.58,
2020-11-01,Ghana,3.69,3.42,4.81,
2020-11-01,Greece,0.49,0.55,6.32,
2020-11-01,Guatemala,3.79,4.48,7.86,
2020-11-01,Haiti,3.68,3.68,5.11,
2020-11-01,Honduras,4.55,4.79,12.73,
2020-11-01,Hong Kong,0.38,0.32,5.39,
2020-11-01,Hungary,1.42,1.44,4.69,
2020-11-01,India,2.42,2.7,8.69,
2020-11-01,Indonesia,2.07,2.13,12.1,
2020-11-01,Iraq,9.84,12.46,13.7,
2020-11-01,Ireland,0.68,0.71,5.69,
2020-11-01,Israel,0.94,1.12,7.35,
2020-11-01,Italy,0.82,0.93,8.95,
2020-11-01,Japan,0.51,0.62,0.97,
2020-11-01,Jordan,7.45,7.94,12.29,
2020-11-01,Kazakhstan,1.84,1.85,7.34,
2020-11-01,Kenya,5.27,5.63,9.44,
2020-11-01,Kuwait,1.35,1.35,18.37,
2020-11-01,Kyrgyzstan,4.65,5.26,6.77,
2020-11-01,Laos,6.83,5.93,5.58,
2020-11-01,Lebanon,1.53,1.78,12.96,
2020-11-01,Libya,4.81,5.24,7.95,
2020-11-01,Madagascar,0.54,0.54,6.66,
2020-11-01,Malaysia,0.95,1.16,5.5,
2020-11-01,Mali,6.31,7.25,6.64,
2020-11-01,Mauritania,6.44,6.44,15.67,
2020-11-01,Mexico,2,2.25,3.9,
2020-11-01,Moldova,4.66,4.76,10.17,
2020-11-01,Morocco,3.43,4.07,10.09,
2020-11-01,Mozambique,2.1,2,10.18,
2020-11-01,Myanmar,4.68,4.69,8.07,
2020-11-01,Nepal,3.46,3.62,9.41,
2020-11-01,Netherlands,1.11,1.19,7.99,
2020-11-01,New Zealand,1.64,1.74,2.82,
2020-11-01,Nicaragua,1.77,2.46,2.1,
2020-11-01,Nigeria,8.12,8.36,6.31,
2020-11-01,Norway,1.37,1.53,5.09,
2020-11-01,Oman,5.15,5.15,9.25,
2020-11-01,Pakistan,6.12,6.54,7.42,
2020-11-01,Palestine,3.72,4.32,8.19,
2020-11-01,Panama,2.49,2.97,9.9,
2020-11-01,Paraguay,1.94,2.08,5.9,
2020-11-01,Peru,3.52,4,9.52,
2020-11-01,Philippines,0.8,0.87,4.8,
2020-11-01,Poland,3.86,4.14,8.2,
2020-11-01,Portugal,0.44,0.5,5.78,
2020-11-01,"Puerto Rico, U.S.",0.82,0.81,14.46,
2020-11-01,Qatar,0.78,1.71,13.39,
2020-11-01,Romania,1.05,1.09,6.84,
2020-11-01,Russia,5.55,5.89,13.55,
2020-11-01,Saudi Arabia,2.33,2.47,13.19,
2020-11-01,Senegal,4.68,4.68,5.43,
2020-11-01,Serbia,1.55,1.66,3.78,
2020-11-01,Singapore,0.6,0.6,7.18,
2020-11-01,Slovakia,0.78,1.14,24.71,
2020-11-01,Slovenia,1.59,1.38,4.84,
2020-11-01,South Africa,3.37,3.76,5.5,
2020-11-01,South Korea,0.4,0.58,2.14,
2020-11-01,Spain,0.71,0.82,8.42,
2020-11-01,Sri Lanka,0.59,0.57,1.89,
2020-11-01,Sudan,3.92,5.45,3.7,
2020-11-01,Sweden,1.87,2.15,6.24,
2020-11-01,Switzerland,1.33,1.5,7.95,
2020-11-01,Taiwan,0.3,0.32,0.72,
2020-11-01,Tanzania,7.33,7.33,11.43,
2020-11-01,Thailand,1.26,1.45,3.48,
2020-11-01,Tunisia,2.85,3.23,5.84,
2020-11-01,Turkey,1.88,2.08,6.43,
2020-11-01,Ukraine,5.61,5.92,7.99,
2020-11-01,United Arab Emirates,1.5,1.88,25.89,
2020-11-01,United Kingdom,1.04,1.14,6.71,
2020-11-01,Uruguay,0.38,0.42,2.89,
2020-11-01,Uzbekistan,4.21,4.21,19.78,
2020-11-01,Venezuela,1.96,2.19,5.04,
2020-11-01,Vietnam,1.23,1.24,3.55,
2020-11-01,Yemen,7.61,8.63,2.3,
2020-11-01,Zimbabwe,13.23,11.07,29.59,
2020-11-02,Afghanistan,18.71,18.85,16.22,
2020-11-02,Aland Islands,18.83,21.97,24.21,
2020-11-02,Albania,6.47,7.05,11.17,
2020-11-02,Algeria,6.35,6.74,6.51,
2020-11-02,American Samoa,15.5,15.5,34.64,
2020-11-02,Andorra,12.44,13.11,38.18,
2020-11-02,Angola,2.56,2.58,12.31,
2020-11-02,Argentina,1.58,1.83,5.14,
2020-11-02,Armenia,9.26,9.55,14.38,
2020-11-02,Australia,1.44,1.54,4.22,
2020-11-02,Austria,1.83,1.81,7.52,
2020-11-02,Azerbaijan,5.07,5.27,11.47,
2020-11-02,Bangladesh,7.87,8.12,5.75,
2020-11-02,Belarus,7.65,8.67,10.33,
2020-11-02,Belgium,1.42,1.58,10.63,
2020-11-02,Benin,2.16,2.16,9.31,
2020-11-02,Bolivia,3.66,4.04,6.61,
2020-11-02,Bosnia and Herzegovina,3.09,3.34,8.52,
2020-11-02,Brazil,1.61,1.82,4.89,
2020-11-02,Bulgaria,1.8,1.85,7.71,
2020-11-02,Burkina Faso,6.67,6.67,5.76,
2020-11-02,Cambodia,5.62,7.55,5.19,
2020-11-02,Cameroon,4.07,4.72,6.96,
2020-11-02,Canada,0.9,0.9,4.26,
2020-11-02,Chile,0.89,0.95,7.62,
2020-11-02,Colombia,2.63,3.01,6.25,
2020-11-02,Costa Rica,2.92,2.94,4.33,
2020-11-02,Croatia,2.43,2.56,4.49,
2020-11-02,Czech Republic,1.87,1.88,10.04,
2020-11-02,Côte d'Ivoire,4.13,3.91,5.92,
2020-11-02,Democratic Republic of the Congo,3.48,3.48,10.46,
2020-11-02,Denmark,0.84,0.95,14.45,
2020-11-02,Dominican Republic,2.45,2.94,6.57,
2020-11-02,Ecuador,2.68,3.23,7.35,
2020-11-02,Egypt,2.42,2.82,3.13,
2020-11-02,El Salvador,3.51,3.8,3.41,
2020-11-02,Ethiopia,2.53,2.23,10.02,
2020-11-02,Finland,0.6,0.71,4.91,
2020-11-02,France,1.27,1.34,9.52,
2020-11-02,Germany,0.61,0.64,6.6,
2020-11-02,Ghana,3.24,3,4.65,
2020-11-02,Greece,0.57,0.63,6.46,
2020-11-02,Guatemala,3.67,4.33,7.41,
2020-11-02,Haiti,2.43,2.88,5.3,
2020-11-02,Honduras,4.6,4.9,13.52,
2020-11-02,Hong Kong,0.43,0.36,5.54,
2020-11-02,Hungary,1.49,1.51,4.58,
2020-11-02,India,2.33,2.57,8.73,
2020-11-02,Indonesia,2.16,2.19,11.67,
2020-11-02,Iraq,9.36,11.92,13.96,
2020-11-02,Ireland,0.69,0.71,5.79,
2020-11-02,Israel,1.09,1.25,7.73,
2020-11-02,Italy,0.81,0.92,9,
2020-11-02,Japan,0.61,0.73,0.97,
2020-11-02,Jordan,7.14,7.79,12.99,
2020-11-02,Kazakhstan,1.66,1.68,8.03,
2020-11-02,Kenya,5.16,5.48,9.45,
2020-11-02,Kuwait,1.23,1.23,16.97,
2020-11-02,Kyrgyzstan,4.39,4.61,6.9,
2020-11-02,Laos,5.1,5.1,4.87,
2020-11-02,Lebanon,2.18,2.4,13.12,
2020-11-02,Libya,4.52,5.12,7.35,
2020-11-02,Madagascar,0.46,0.46,5.59,
2020-11-02,Malaysia,0.97,1.13,5.31,
2020-11-02,Mali,5.95,6.9,6.28,
2020-11-02,Mauritania,7.96,7.96,16.19,
2020-11-02,Mexico,2.03,2.32,3.94,
2020-11-02,Moldova,4.21,4.41,10.55,
2020-11-02,Morocco,3.58,4.12,9.58,
2020-11-02,Mozambique,1.9,2.38,10.61,
2020-11-02,Myanmar,4.81,4.79,8.69,
2020-11-02,Nepal,3.25,3.4,9.38,
2020-11-02,Netherlands,1.18,1.27,8.24,
2020-11-02,New Zealand,1.8,1.85,2.8,
2020-11-02,Nicaragua,1.98,2.72,1.72,
2020-11-02,Nigeria,8.15,8.1,6.1,
2020-11-02,Norway,1.51,1.65,5.11,
2020-11-02,Oman,4.8,4.8,10.14,
2020-11-02,Pakistan,6.09,6.39,7.13,
2020-11-02,Palestine,4.54,5.04,8.92,
2020-11-02,Panama,2.33,2.77,8.91,
2020-11-02,Paraguay,2.64,2.88,6.81,
2020-11-02,Peru,3.52,4.04,9.61,
2020-11-02,Philippines,0.77,0.8,4.84,
2020-11-02,Poland,3.85,4.1,8.25,
2020-11-02,Portugal,0.45,0.49,5.68,
2020-11-02,"Puerto Rico, U.S.",0.84,0.86,14.09,
2020-11-02,Qatar,0.91,1.77,10.89,
2020-11-02,Romania,0.99,1.03,6.7,
2020-11-02,Russia,5.67,5.91,13.63,
2020-11-02,Saudi Arabia,2.51,2.45,11.94,
2020-11-02,Senegal,6.21,6.21,5.71,
2020-11-02,Serbia,1.52,1.62,3.79,
2020-11-02,Singapore,0.56,0.56,7.01,
2020-11-02,Slovakia,0.93,1.26,31.01,
2020-11-02,Slovenia,1.25,1.11,4.63,
2020-11-02,South Africa,3.36,3.81,6.11,
2020-11-02,South Korea,0.33,0.54,2.04,
2020-11-02,Spain,0.73,0.83,8.43,
2020-11-02,Sri Lanka,0.51,0.5,2.39,
2020-11-02,Sudan,4.16,5.33,3.56,
2020-11-02,Sweden,1.86,2.19,6.34,
2020-11-02,Switzerland,1.42,1.52,7.86,
2020-11-02,Taiwan,0.3,0.31,0.81,
2020-11-02,Tanzania,7.41,7.41,9.81,
2020-11-02,Thailand,1.37,1.63,3.21,
2020-11-02,Tunisia,2.69,3.03,5.94,
2020-11-02,Turkey,1.74,1.96,6.44,
2020-11-02,Ukraine,5.38,5.67,8,
2020-11-02,United Arab Emirates,1.38,1.88,26.02,
2020-11-02,United Kingdom,1,1.12,6.79,
2020-11-02,Uruguay,0.51,0.55,2.92,
2020-11-02,Uzbekistan,4.78,4.78,18.12,
2020-11-02,Venezuela,1.89,2.05,4.61,
2020-11-02,Vietnam,1.21,1.25,3.55,
2020-11-02,Yemen,8.09,9.15,2.45,
2020-11-02,Zimbabwe,12.61,10.64,29.99,
2020-11-03,Afghanistan,17.8,17.78,16.28,
2020-11-03,Aland Islands,23.58,20.26,25.5,
2020-11-03,Albania,6.67,6.86,12.55,
2020-11-03,Algeria,6.61,7.11,7.25,
2020-11-03,American Samoa,13.23,14.23,30.3,
2020-11-03,Andorra,10.97,11.65,29.39,
2020-11-03,Angola,2.63,2.49,11.89,
2020-11-03,Argentina,1.44,1.69,5.02,
2020-11-03,Armenia,9.05,9.23,15.68,
2020-11-03,Australia,1.51,1.57,4.06,
2020-11-03,Austria,1.07,1.1,7.53,
2020-11-03,Azerbaijan,3.76,2.91,11.35,
2020-11-03,Bangladesh,7.78,7.91,6.61,
2020-11-03,Belarus,7.63,8.66,10.55,
2020-11-03,Belgium,1.37,1.55,10.47,
2020-11-03,Benin,2.97,2.97,7.6,
2020-11-03,Bolivia,4.1,4.38,6.67,
2020-11-03,Bosnia and Herzegovina,3.35,3.53,8.99,
2020-11-03,Brazil,1.65,1.84,4.91,
2020-11-03,Bulgaria,2.11,2.15,8.48,
2020-11-03,Burkina Faso,7.07,7.07,4.93,
2020-11-03,Cambodia,5.65,7.66,6.56,
2020-11-03,Cameroon,3.77,4.21,7.67,
2020-11-03,Canada,0.95,0.94,4.33,
2020-11-03,Chile,1.01,1.04,7.96,
2020-11-03,Colombia,2.52,2.83,6.22,
2020-11-03,Costa Rica,2.78,2.8,3.9,
2020-11-03,Croatia,2.36,2.51,4.79,
2020-11-03,Czech Republic,1.9,1.92,10.13,
2020-11-03,Côte d'Ivoire,4.01,3.78,6.51,
2020-11-03,Democratic Republic of the Congo,0.87,0.87,11.08,
2020-11-03,Denmark,0.89,0.97,14.82,
2020-11-03,Dominican Republic,2.34,2.73,6.6,
2020-11-03,Ecuador,2.84,3.49,7.89,
2020-11-03,Egypt,2.47,2.96,3.5,
2020-11-03,El Salvador,3.82,4.34,3.67,
2020-11-03,Ethiopia,2.29,2.51,10.85,
2020-11-03,Finland,0.82,0.88,4.34,
2020-11-03,France,1.21,1.27,9.75,
2020-11-03,Germany,0.62,0.65,6.73,
2020-11-03,Ghana,3.24,3.01,5.38,
2020-11-03,Greece,0.75,0.79,7.18,
2020-11-03,Guatemala,3.9,4.57,7.26,
2020-11-03,Haiti,3.16,3.6,4.53,
2020-11-03,Honduras,4.22,4.39,13.17,
2020-11-03,Hong Kong,0.41,0.34,6.33,
2020-11-03,Hungary,1.59,1.61,4.86,
2020-11-03,India,2.33,2.57,8.73,
2020-11-03,Indonesia,2.29,2.31,11.59,
2020-11-03,Iraq,9.45,11.34,14.15,
2020-11-03,Ireland,0.48,0.46,4.9,
2020-11-03,Israel,0.91,1.08,7.89,
2020-11-03,Italy,0.8,0.93,9.34,
2020-11-03,Japan,0.62,0.71,0.94,
2020-11-03,Jordan,7.34,7.94,12.97,
2020-11-03,Kazakhstan,1.52,1.5,7.97,
2020-11-03,Kenya,4.89,5.16,9.22,
2020-11-03,Kuwait,3.3,3.44,13.99,
2020-11-03,Kyrgyzstan,4.45,4.28,7.59,
2020-11-03,Laos,7.11,7.51,5.27,
2020-11-03,Lebanon,2.17,2.32,13.72,
2020-11-03,Libya,4,4.87,7.04,
2020-11-03,Madagascar,0,0,3.03,
2020-11-03,Malaysia,0.91,1.08,5.71,
2020-11-03,Mali,6.97,7.95,7.31,
2020-11-03,Mexico,2.07,2.35,4.2,
2020-11-03,Moldova,4.2,4.49,10.14,
2020-11-03,Morocco,3.41,4.1,8.33,
2020-11-03,Mozambique,1.22,1.68,10.1,
2020-11-03,Myanmar,4.41,4.57,8.82,
2020-11-03,Nepal,2.92,3.03,9.28,
2020-11-03,Netherlands,1.29,1.39,8.06,
2020-11-03,New Zealand,1.96,2.12,3.1,
2020-11-03,Nicaragua,2.11,2.46,1.58,
2020-11-03,Nigeria,8.19,8.44,5.71,
2020-11-03,Norway,1.55,1.68,5.32,
2020-11-03,Oman,1.27,1.27,9.67,
2020-11-03,Pakistan,6.13,6.69,7.65,
2020-11-03,Palestine,5.7,5.96,8.95,
2020-11-03,Panama,1.69,2.11,9.06,
2020-11-03,Paraguay,2.79,2.98,7,
2020-11-03,Peru,3.58,3.93,9.55,
2020-11-03,Philippines,0.86,0.93,4.99,
2020-11-03,Poland,3.97,4.17,8.84,
2020-11-03,Portugal,0.73,0.79,6.05,
2020-11-03,"Puerto Rico, U.S.",0.84,0.96,14.16,
2020-11-03,Qatar,0.94,1.77,12.31,
2020-11-03,Romania,1.05,1.08,7.02,
2020-11-03,Russia,5.69,5.87,13.96,
2020-11-03,Saudi Arabia,2.29,2.23,10.21,
2020-11-03,Senegal,6.18,6.18,4.29,
2020-11-03,Serbia,1.51,1.49,3.98,
2020-11-03,Singapore,0.52,0.52,6.84,
2020-11-03,Slovakia,0.83,1.02,40.31,
2020-11-03,Slovenia,1.26,1.15,4.02,
2020-11-03,South Africa,3.18,3.65,6.12,
2020-11-03,South Korea,0.78,1,2.52,
2020-11-03,Spain,0.8,0.93,8.4,
2020-11-03,Sri Lanka,0.35,0.35,2.74,
2020-11-03,Sudan,3.94,5.05,3.39,
2020-11-03,Sweden,1.91,2.22,6.4,
2020-11-03,Switzerland,1.52,1.59,8.07,
2020-11-03,Taiwan,0.33,0.34,0.74,
2020-11-03,Tanzania,8.35,8.35,8.6,
2020-11-03,Thailand,1.29,1.54,3.14,
2020-11-03,Tunisia,2.79,3.15,5.8,
2020-11-03,Turkey,1.8,2.03,6.56,
2020-11-03,Ukraine,5.33,5.68,7.78,
2020-11-03,United Arab Emirates,1.24,1.66,26.45,
2020-11-03,United Kingdom,0.91,1.03,6.54,
2020-11-03,Uruguay,0.42,0.47,2.91,
2020-11-03,Uzbekistan,4.36,4.54,16.51,
2020-11-03,Venezuela,1.92,1.98,4.53,
2020-11-03,Vietnam,1.24,1.27,3.42,
2020-11-03,Yemen,7.59,8.69,2.71,
2020-11-03,Zimbabwe,11.92,11.92,35.34,
2020-11-04,Afghanistan,18.83,18.68,17.38,
2020-11-04,Aland Islands,26.66,23.07,25.24,
2020-11-04,Albania,5.13,5.38,13.24,
2020-11-04,Algeria,6.25,6.54,6.94,
2020-11-04,American Samoa,15.21,16.3,30.99,
2020-11-04,Andorra,14.61,14.61,31.05,
2020-11-04,Angola,2.41,2.28,12.87,
2020-11-04,Argentina,1.43,1.59,5.1,
2020-11-04,Armenia,10.24,10.89,15.72,
2020-11-04,Australia,1.4,1.43,4.14,
2020-11-04,Austria,0.97,1.02,8.32,
2020-11-04,Azerbaijan,3.64,2.77,12.44,
2020-11-04,Bangladesh,7.83,7.92,7.15,
2020-11-04,Belarus,7.65,8.53,10.51,
2020-11-04,Belgium,1.32,1.45,10.22,
2020-11-04,Benin,2.93,2.93,9.23,
2020-11-04,Bolivia,4.52,4.8,6.42,
2020-11-04,Bosnia and Herzegovina,3.39,3.62,9.58,
2020-11-04,Brazil,1.73,1.92,4.87,
2020-11-04,Bulgaria,2.23,2.34,7.26,
2020-11-04,Burkina Faso,7.28,7.28,5.1,
2020-11-04,Cambodia,6.5,9.05,6.54,
2020-11-04,Cameroon,4.55,5.02,9.28,
2020-11-04,Canada,0.98,1.01,4.5,
2020-11-04,Chile,0.96,1,7.89,
2020-11-04,Colombia,2.58,2.75,6.15,
2020-11-04,Costa Rica,2.48,2.56,3.65,
2020-11-04,Croatia,2.44,2.62,4.66,
2020-11-04,Czech Republic,1.73,1.74,9.96,
2020-11-04,Côte d'Ivoire,2.76,2.52,6.6,
2020-11-04,Democratic Republic of the Congo,1.35,2.63,10.29,
2020-11-04,Denmark,0.93,1.01,15.07,
2020-11-04,Dominican Republic,2.63,3.06,7.29,
2020-11-04,Ecuador,3.1,3.81,8.11,
2020-11-04,Egypt,2.44,2.84,3.65,
2020-11-04,El Salvador,4.02,4.38,4.2,
2020-11-04,Ethiopia,2.81,2.89,10.48,
2020-11-04,Finland,1.7,1.78,5.11,
2020-11-04,France,1.28,1.33,10.01,
2020-11-04,Germany,0.66,0.68,6.85,
2020-11-04,Ghana,2.92,2.67,5.5,
2020-11-04,Greece,0.78,0.84,7.38,
2020-11-04,Guatemala,3.4,3.98,6.03,
2020-11-04,Guinea,3.7,3.7,13.66,
2020-11-04,Haiti,3.39,3.87,4.47,
2020-11-04,Honduras,4.33,4.62,11.61,
2020-11-04,Hong Kong,0.47,0.4,6.6,
2020-11-04,Hungary,1.52,1.53,5.11,
2020-11-04,India,2.33,2.6,8.7,
2020-11-04,Indonesia,2.41,2.51,11.61,
2020-11-04,Iraq,8.83,10.4,13.92,
2020-11-04,Ireland,0.43,0.41,4.93,
2020-11-04,Israel,0.98,1.15,8.02,
2020-11-04,Italy,0.8,0.94,9.77,
2020-11-04,Japan,0.63,0.73,0.92,
2020-11-04,Jordan,6.68,7.45,13.57,
2020-11-04,Kazakhstan,1.52,1.57,7.89,
2020-11-04,Kenya,4.82,4.91,8.43,
2020-11-04,Kuwait,2.78,2.92,11.65,
2020-11-04,Kyrgyzstan,4.87,4.49,6.33,
2020-11-04,Laos,6.27,6.68,5.25,
2020-11-04,Lebanon,2.24,2.39,13.1,
2020-11-04,Libya,3.65,4.36,6.84,
2020-11-04,Madagascar,0,0,3.63,
2020-11-04,Malaysia,0.82,1.02,5.58,
2020-11-04,Mali,5.82,6.08,11.57,
2020-11-04,Mexico,2.04,2.33,4.24,
2020-11-04,Moldova,3.55,3.86,10,
2020-11-04,Morocco,3.84,4.47,8.68,
2020-11-04,Mozambique,1.91,2.54,10.93,
2020-11-04,Myanmar,4.08,4.3,9.2,
2020-11-04,Nepal,2.96,3.04,10.58,
2020-11-04,Netherlands,1.29,1.38,7.96,
2020-11-04,New Zealand,2,2.23,3.03,
2020-11-04,Nicaragua,2.2,2.55,2.01,
2020-11-04,Nigeria,7.18,7.14,5.74,
2020-11-04,Norway,1.4,1.49,5.48,
2020-11-04,Oman,0.99,0.99,10.68,
2020-11-04,Pakistan,6.53,7.2,8.31,
2020-11-04,Palestine,5.74,5.6,8.82,
2020-11-04,Panama,1.78,1.88,8.6,
2020-11-04,Paraguay,3.22,3.36,7.13,
2020-11-04,Peru,3.37,3.7,9.87,
2020-11-04,Philippines,0.72,0.78,4.87,
2020-11-04,Poland,3.74,3.93,8.7,
2020-11-04,Portugal,0.76,0.82,6.02,
2020-11-04,"Puerto Rico, U.S.",0.94,1.07,14.39,
2020-11-04,Qatar,1.71,2.49,13.03,
2020-11-04,Romania,1.09,1.17,7.19,
2020-11-04,Russia,5.62,5.8,13.67,
2020-11-04,Saudi Arabia,2.43,2.2,9.64,
2020-11-04,Senegal,6.79,5.54,3.7,
2020-11-04,Serbia,1.53,1.56,3.91,
2020-11-04,Singapore,0.89,0.95,6.69,
2020-11-04,Slovakia,0.93,1.02,51.33,
2020-11-04,Slovenia,1.42,1.4,4.63,
2020-11-04,South Africa,3.25,3.61,5.84,
2020-11-04,South Korea,0.86,1.07,2.39,
2020-11-04,Spain,0.73,0.83,8.13,
2020-11-04,Sri Lanka,0.32,0.32,3.03,
2020-11-04,Sudan,4,5.13,3.12,
2020-11-04,Sweden,1.83,2.08,6.37,
2020-11-04,Switzerland,1.66,1.7,8.32,
2020-11-04,Taiwan,0.35,0.36,0.99,
2020-11-04,Tanzania,7.3,7.3,7.96,
2020-11-04,Thailand,1.32,1.53,3.11,
2020-11-04,Tunisia,3.22,3.46,6.01,
2020-11-04,Turkey,1.52,1.72,6.63,
2020-11-04,Ukraine,5.16,5.59,7.86,
2020-11-04,United Arab Emirates,1.16,1.49,27.83,
2020-11-04,United Kingdom,0.9,1.01,6.56,
2020-11-04,Uruguay,0.46,0.52,2.48,
2020-11-04,Uzbekistan,4.81,5.11,14.82,
2020-11-04,Venezuela,2.39,2.45,4.29,
2020-11-04,Vietnam,1.14,1.19,3.8,
2020-11-04,Yemen,6.62,7.55,3.7,
2020-11-05,Afghanistan,18.2,17.9,15.76,
2020-11-05,Aland Islands,25.09,21.41,24.45,
2020-11-05,Albania,4.97,5.18,13.46,
2020-11-05,Algeria,6.03,6.54,6.82,
2020-11-05,American Samoa,16.06,17.18,29.5,
2020-11-05,Andorra,17.23,16.25,29.39,
2020-11-05,Angola,3.61,3.47,12.74,
2020-11-05,Argentina,1.46,1.55,4.97,
2020-11-05,Armenia,9.88,10.53,15.77,
2020-11-05,Australia,1.44,1.46,3.9,
2020-11-05,Austria,1.2,1.2,8.51,
2020-11-05,Azerbaijan,3.56,2.15,11.09,
2020-11-05,Bangladesh,7.69,7.68,7.58,
2020-11-05,Belarus,7.38,7.61,10.42,
2020-11-05,Belgium,1.1,1.2,9.8,
2020-11-05,Benin,4.51,4.51,11.59,
2020-11-05,Bolivia,3.92,4.37,5.06,
2020-11-05,Bosnia and Herzegovina,3.44,3.58,9.96,
2020-11-05,Brazil,1.76,1.94,4.88,
2020-11-05,Bulgaria,2.31,2.36,7.33,
2020-11-05,Burkina Faso,1.76,1.76,6.39,
2020-11-05,Cambodia,8.59,9.55,6.8,
2020-11-05,Cameroon,3.32,3.57,10.01,
2020-11-05,Canada,0.99,1.01,4.6,
2020-11-05,Chile,0.86,0.86,7.58,
2020-11-05,Colombia,2.83,2.96,6.31,
2020-11-05,Costa Rica,2.21,2.23,3.73,
2020-11-05,Croatia,2.82,3,5.17,
2020-11-05,Czech Republic,1.7,1.69,10.1,
2020-11-05,Côte d'Ivoire,3.07,2.82,6.36,
2020-11-05,Democratic Republic of the Congo,1.48,2.69,8.48,
2020-11-05,Denmark,1.65,1.73,14.85,
2020-11-05,Dominican Republic,2.79,3.23,7.22,
2020-11-05,Ecuador,2.95,3.56,8.08,
2020-11-05,Egypt,2.65,2.88,3.52,
2020-11-05,El Salvador,4.14,4.6,4.16,
2020-11-05,Ethiopia,3.57,3.65,10.29,
2020-11-05,Finland,1.69,1.77,4.58,
2020-11-05,France,1.21,1.27,10.38,
2020-11-05,Germany,0.61,0.63,7.05,
2020-11-05,Ghana,3.27,3.12,5.19,
2020-11-05,Greece,0.74,0.82,7.83,
2020-11-05,Guatemala,3.49,3.99,4.71,
2020-11-05,Guinea,5.2,5.2,18,
2020-11-05,Haiti,2.82,3.29,5.55,
2020-11-05,Honduras,3.6,3.76,12.24,
2020-11-05,Hong Kong,0.58,0.52,7.01,
2020-11-05,Hungary,1.39,1.38,5.12,
2020-11-05,India,2.39,2.69,8.72,
2020-11-05,Indonesia,2.3,2.38,11.82,
2020-11-05,Iraq,8.2,9.45,11.86,
2020-11-05,Ireland,0.34,0.32,4.75,
2020-11-05,Israel,1.01,1.15,8.03,
2020-11-05,Italy,0.82,0.94,9.92,
2020-11-05,Japan,0.63,0.78,0.91,
2020-11-05,Jordan,6.97,7.39,14.15,
2020-11-05,Kazakhstan,1.54,1.65,8.9,
2020-11-05,Kenya,4.49,4.44,7.92,
2020-11-05,Kuwait,3,3.25,12.07,
2020-11-05,Kyrgyzstan,5.07,4.84,5.45,
2020-11-05,Laos,5.4,5.83,7.01,
2020-11-05,Lebanon,2.78,2.88,12.73,
2020-11-05,Libya,4.25,4.99,6.35,
2020-11-05,Madagascar,0,0,3.08,
2020-11-05,Malaysia,0.83,0.96,5.67,
2020-11-05,Mali,6.07,7.26,11.51,
2020-11-05,Mexico,2.11,2.39,4.13,
2020-11-05,Moldova,4.05,4.33,10.36,
2020-11-05,Morocco,3.75,4.35,9.03,
2020-11-05,Mozambique,1.93,2.69,10.91,
2020-11-05,Myanmar,3.78,4,9.39,
2020-11-05,Nepal,3.01,3.22,10.91,
2020-11-05,Netherlands,1.31,1.43,7.71,
2020-11-05,New Zealand,1.79,1.99,3.19,
2020-11-05,Nicaragua,2.19,2.55,1.56,
2020-11-05,Nigeria,8.05,8.32,5.56,
2020-11-05,Norway,1.42,1.58,5.51,
2020-11-05,Oman,1,1,8.08,
2020-11-05,Pakistan,5.89,6.45,8.42,
2020-11-05,Palestine,6.45,6.31,8.46,
2020-11-05,Panama,2.04,2.13,8.4,
2020-11-05,Paraguay,2.79,2.87,7.01,
2020-11-05,Peru,3.48,3.89,9.82,
2020-11-05,Philippines,0.81,0.86,4.25,
2020-11-05,Poland,3.67,3.79,8.9,
2020-11-05,Portugal,0.78,0.82,6.14,
2020-11-05,"Puerto Rico, U.S.",1.16,1.24,15.17,
2020-11-05,Qatar,1.42,1.29,12.95,
2020-11-05,Romania,1.25,1.36,7.14,
2020-11-05,Russia,5.91,6.01,13.38,
2020-11-05,Saudi Arabia,3.08,2.71,9.9,
2020-11-05,Senegal,6.93,5.66,3.78,
2020-11-05,Serbia,1.79,1.72,4.42,
2020-11-05,Singapore,0.47,0.52,5.83,
2020-11-05,Slovakia,0.91,0.98,57.92,
2020-11-05,Slovenia,1.44,1.57,4.97,
2020-11-05,South Africa,3.37,3.87,5.97,
2020-11-05,South Korea,0.8,0.98,2.19,
2020-11-05,Spain,0.69,0.77,8.43,
2020-11-05,Sri Lanka,0.42,0.42,3,
2020-11-05,Sudan,4.36,5.65,2.04,
2020-11-05,Sweden,2,2.25,6.65,
2020-11-05,Switzerland,1.69,1.68,8.47,
2020-11-05,Taiwan,0.35,0.37,0.97,
2020-11-05,Tanzania,6.15,6.15,6.93,
2020-11-05,Thailand,1.37,1.57,3.18,
2020-11-05,Tunisia,4.24,4.38,5.97,
2020-11-05,Turkey,1.56,1.77,6.77,
2020-11-05,Ukraine,5.33,5.97,7.94,
2020-11-05,United Arab Emirates,1.21,1.55,28.45,
2020-11-05,United Kingdom,0.85,0.98,6.54,
2020-11-05,Uruguay,0.62,0.63,2.25,
2020-11-05,Uzbekistan,5.24,5.52,13.48,
2020-11-05,Venezuela,2.41,2.5,4.17,
2020-11-05,Vietnam,1.19,1.26,3.62,
2020-11-05,Yemen,9.4,10.46,3.66,
2020-11-06,Afghanistan,19.15,17.58,16.1,
2020-11-06,Aland Islands,25.85,22.26,22.45,
2020-11-06,Albania,3.77,3.83,12.05,
2020-11-06,Algeria,6.63,7.28,6.52,
2020-11-06,American Samoa,16.29,17.4,34.76,
2020-11-06,Andorra,17.32,16.31,28.09,
2020-11-06,Angola,3.1,2.96,12.4,
2020-11-06,Argentina,1.56,1.63,5.25,
2020-11-06,Armenia,11.23,12.11,15.4,
2020-11-06,Australia,1.55,1.57,3.71,
2020-11-06,Austria,1.17,1.22,8.68,
2020-11-06,Azerbaijan,3.61,2.18,10.63,
2020-11-06,Bangladesh,8.17,8.12,7.78,
2020-11-06,Belarus,7.66,7.71,10.76,
2020-11-06,Belgium,0.96,1.07,9.57,
2020-11-06,Benin,4.53,4.53,8.88,
2020-11-06,Bolivia,4.25,4.74,5.35,
2020-11-06,Bosnia and Herzegovina,2.9,3.03,9.92,
2020-11-06,Brazil,1.74,1.92,4.81,
2020-11-06,Bulgaria,2.12,2.19,6.75,
2020-11-06,Burkina Faso,1.16,1.16,5.27,
2020-11-06,Cambodia,8.61,9.59,8.47,
2020-11-06,Cameroon,3.8,4.06,11.23,
2020-11-06,Canada,0.98,1.04,4.47,
2020-11-06,Chile,0.83,0.86,7.61,
2020-11-06,Colombia,2.86,3.03,6.17,
2020-11-06,Costa Rica,2.08,2.07,2.99,
2020-11-06,Croatia,2.82,3.02,5.63,
2020-11-06,Czech Republic,1.64,1.68,10.09,
2020-11-06,Côte d'Ivoire,2.39,2.16,6.02,
2020-11-06,Democratic Republic of the Congo,1.46,2.65,8.62,
2020-11-06,Denmark,1.71,1.86,14.88,
2020-11-06,Dominican Republic,2.65,3.38,7.2,
2020-11-06,Ecuador,2.82,3.45,7.91,
2020-11-06,Egypt,2.7,2.95,3.25,
2020-11-06,El Salvador,4.32,4.68,4.07,
2020-11-06,Ethiopia,3.66,3.77,10.84,
2020-11-06,Finland,2,2.08,4.97,
2020-11-06,France,1.25,1.33,10.51,
2020-11-06,Germany,0.62,0.65,7.16,
2020-11-06,Ghana,2.71,2.72,5.13,
2020-11-06,Greece,0.79,0.89,8.35,
2020-11-06,Guatemala,3.32,3.63,3.48,
2020-11-06,Guinea,5.2,5.2,18.06,
2020-11-06,Haiti,3.57,4.07,6.42,
2020-11-06,Honduras,3.33,3.5,12.06,
2020-11-06,Hong Kong,0.64,0.57,7.02,
2020-11-06,Hungary,1.45,1.42,5.35,
2020-11-06,India,2.41,2.69,8.78,
2020-11-06,Indonesia,2.28,2.44,11.83,
2020-11-06,Iraq,7.93,8.91,11.49,
2020-11-06,Ireland,0.51,0.48,4.39,
2020-11-06,Israel,0.93,0.99,7.72,
2020-11-06,Italy,0.87,0.98,10.05,
2020-11-06,Japan,0.65,0.78,0.87,
2020-11-06,Jordan,6.52,6.93,14.89,
2020-11-06,Kazakhstan,1.5,1.62,8.49,
2020-11-06,Kenya,4.58,4.78,8.09,
2020-11-06,Kuwait,3.1,3.35,11.65,
2020-11-06,Kyrgyzstan,4.17,3.7,6.78,
2020-11-06,Laos,5.69,6.12,6.23,
2020-11-06,Lebanon,3,3.02,12.35,
2020-11-06,Libya,3.1,3.94,6.71,
2020-11-06,Madagascar,2.23,2.23,3.2,
2020-11-06,Malaysia,0.63,0.73,5.93,
2020-11-06,Mali,6.13,7.32,13.1,
2020-11-06,Mexico,2.08,2.39,4.21,
2020-11-06,Moldova,4.06,4.33,10.91,
2020-11-06,Morocco,4.52,5.2,8.76,
2020-11-06,Mozambique,2.51,3.26,9.67,
2020-11-06,Myanmar,3.91,4.18,9.28,
2020-11-06,Nepal,2.67,3.33,11.14,
2020-11-06,Netherlands,1.31,1.42,7.75,
2020-11-06,New Zealand,1.8,1.92,3.13,
2020-11-06,Nicaragua,2.59,2.81,1.62,
2020-11-06,Nigeria,8.21,8.4,5.43,
2020-11-06,Norway,1.43,1.58,5.62,
2020-11-06,Oman,1.66,1.66,8.72,
2020-11-06,Pakistan,6.75,7.07,8.2,
2020-11-06,Palestine,7.35,7,8.49,
2020-11-06,Panama,2.23,2.37,7.83,
2020-11-06,Paraguay,2.94,3.25,6.63,
2020-11-06,Peru,3.62,4.1,9.69,
2020-11-06,Philippines,0.79,0.81,4.09,
2020-11-06,Poland,3.57,3.68,8.62,
2020-11-06,Portugal,0.73,0.78,6.15,
2020-11-06,"Puerto Rico, U.S.",1.53,1.43,15.03,
2020-11-06,Qatar,1.51,1.37,12.52,
2020-11-06,Romania,1.46,1.55,7.59,
2020-11-06,Russia,6.03,6.15,13.75,
2020-11-06,Saudi Arabia,3.53,3.35,10.16,
2020-11-06,Senegal,5.2,3.87,1.65,
2020-11-06,Serbia,1.82,1.81,4.23,
2020-11-06,Singapore,0.65,0.7,6.36,
2020-11-06,Slovakia,0.86,0.93,65.46,
2020-11-06,Slovenia,1.17,1.31,4.85,
2020-11-06,South Africa,3.25,3.63,6.09,
2020-11-06,South Korea,0.77,1.09,2.14,
2020-11-06,Spain,0.72,0.82,8.54,
2020-11-06,Sri Lanka,0.3,0.3,2.84,
2020-11-06,Sudan,3.94,5.62,1.67,
2020-11-06,Sweden,2.07,2.36,6.89,
2020-11-06,Switzerland,1.05,1.12,8.01,
2020-11-06,Taiwan,0.34,0.37,0.93,
2020-11-06,Tanzania,5.2,5.2,7.62,
2020-11-06,Thailand,1.37,1.61,3.11,
2020-11-06,Tunisia,4.65,4.82,5.35,
2020-11-06,Turkey,1.68,1.9,7.19,
2020-11-06,Ukraine,5.18,5.96,8.17,
2020-11-06,United Arab Emirates,0.31,0.65,30.49,
2020-11-06,United Kingdom,0.88,1.04,6.46,
2020-11-06,Uruguay,0.56,0.55,1.95,
2020-11-06,Uzbekistan,5.36,5.65,11.91,
2020-11-06,Venezuela,2.31,2.35,4.17,
2020-11-06,Vietnam,1.03,1.18,3.63,
2020-11-06,Yemen,10.11,10.94,3.69,
2020-11-07,Afghanistan,19.34,17.69,16.32,
2020-11-07,Aland Islands,26.18,22.17,27.01,
2020-11-07,Albania,7.74,8.37,13.21,
2020-11-07,Algeria,6.65,7.18,6.75,
2020-11-07,American Samoa,15.37,16.42,30.45,
2020-11-07,Andorra,12.53,11.45,28.26,
2020-11-07,Angola,3.2,2.87,13.52,
2020-11-07,Argentina,1.53,1.65,5.24,
2020-11-07,Armenia,10.33,11.22,14.11,
2020-11-07,Australia,1.65,1.64,3.59,
2020-11-07,Austria,1.32,1.39,8.97,
2020-11-07,Azerbaijan,2.68,2.12,10.16,
2020-11-07,Bangladesh,10.3,10.2,8.64,
2020-11-07,Belarus,8.83,8.86,10.92,
2020-11-07,Belgium,0.99,1.09,9.78,
2020-11-07,Benin,4.76,4.76,9.96,
2020-11-07,Bolivia,4.49,4.86,5.35,
2020-11-07,Bosnia and Herzegovina,2.48,2.61,9.32,
2020-11-07,Brazil,1.77,1.93,4.75,
2020-11-07,Bulgaria,2.21,2.35,6.69,
2020-11-07,Burkina Faso,1.81,1.81,3.68,
2020-11-07,Cambodia,9,10.29,7.66,
2020-11-07,Cameroon,3.75,3.72,11.17,
2020-11-07,Canada,1.06,1.15,4.56,
2020-11-07,Chile,0.84,0.88,7.67,
2020-11-07,Colombia,2.88,3.06,6.28,
2020-11-07,Costa Rica,2.26,2.22,3.14,
2020-11-07,Croatia,2.72,3.18,5.69,
2020-11-07,Czech Republic,1.5,1.55,9.88,
2020-11-07,Côte d'Ivoire,2.08,1.84,4.12,
2020-11-07,Democratic Republic of the Congo,3.85,5.41,7.82,
2020-11-07,Denmark,2.38,2.52,16.16,
2020-11-07,Dominican Republic,2.93,3.59,7.48,
2020-11-07,Ecuador,3.15,3.67,7.73,
2020-11-07,Egypt,2.89,2.98,2.91,
2020-11-07,El Salvador,3.73,4.2,3.74,
2020-11-07,Ethiopia,3.34,3.45,11.44,
2020-11-07,Finland,1.95,2,5.24,
2020-11-07,France,1.24,1.32,10.77,
2020-11-07,Germany,0.65,0.67,7.15,
2020-11-07,Ghana,2.47,2.47,5.15,
2020-11-07,Greece,0.95,1.02,8.68,
2020-11-07,Guatemala,3.43,3.7,3.19,
2020-11-07,Guinea,5.3,5.3,19.13,
2020-11-07,Haiti,3.81,4.33,6.94,
2020-11-07,Honduras,3.24,3.41,13.42,
2020-11-07,Hong Kong,0.61,0.54,7.41,
2020-11-07,Hungary,1.52,1.49,5.56,
2020-11-07,India,2.55,2.79,8.72,
2020-11-07,Indonesia,2.39,2.55,11.85,
2020-11-07,Iraq,7.54,8.23,10.16,
2020-11-07,Ireland,0.52,0.55,3.83,
2020-11-07,Israel,0.8,0.8,7.63,
2020-11-07,Italy,0.77,0.9,10.04,
2020-11-07,Japan,0.61,0.75,0.92,
2020-11-07,Jordan,6.07,6.5,15.74,
2020-11-07,Kazakhstan,1.58,1.81,7.65,
2020-11-07,Kenya,4.51,4.87,7.91,
2020-11-07,Kuwait,3.16,3.4,13.37,
2020-11-07,Kyrgyzstan,3.56,3.43,6.77,
2020-11-07,Laos,5.27,5.71,5.14,
2020-11-07,Lebanon,2.99,3.19,12.45,
2020-11-07,Libya,3.48,4.54,6.67,
2020-11-07,Madagascar,3.38,3.38,3.2,
2020-11-07,Malaysia,0.62,0.66,5.99,
2020-11-07,Mali,6.5,6.64,15.12,
2020-11-07,Mexico,1.99,2.3,4.24,
2020-11-07,Moldova,3.14,3.42,9.69,
2020-11-07,Morocco,4.76,5.39,8.42,
2020-11-07,Mozambique,2.47,3.25,10.07,
2020-11-07,Myanmar,3.86,4.12,9.5,
2020-11-07,Nepal,2.88,3.63,11.17,
2020-11-07,Netherlands,1.24,1.31,7.67,
2020-11-07,New Zealand,1.72,1.81,3.12,
2020-11-07,Nicaragua,3.08,3.3,1.53,
2020-11-07,Nigeria,8.38,8.48,5.2,
2020-11-07,Norway,1.44,1.57,5.89,
2020-11-07,Oman,1.69,1.69,8.82,
2020-11-07,Pakistan,7.19,7.68,8.27,
2020-11-07,Palestine,7.26,7.24,8.02,
2020-11-07,Panama,2.12,2.25,6.52,
2020-11-07,Paraguay,3.07,3.39,6.2,
2020-11-07,Peru,3.71,4.09,9.48,
2020-11-07,Philippines,0.72,0.73,4.02,
2020-11-07,Poland,3.29,3.36,8.62,
2020-11-07,Portugal,0.8,0.84,6.22,
2020-11-07,"Puerto Rico, U.S.",1.5,1.31,14.69,
2020-11-07,Qatar,1.49,1.36,12.02,
2020-11-07,Romania,1.49,1.58,7.73,
2020-11-07,Russia,6.18,6.28,13.68,
2020-11-07,Saudi Arabia,3.84,3.95,8.83,
2020-11-07,Senegal,4.19,2.97,1.51,
2020-11-07,Serbia,1.84,1.88,4.57,
2020-11-07,Singapore,0.64,0.7,6.62,
2020-11-07,Slovakia,0.81,0.88,68.26,
2020-11-07,Slovenia,1.23,1.38,4.95,
2020-11-07,South Africa,3.28,3.69,6.23,
2020-11-07,South Korea,0.92,1.23,1.89,
2020-11-07,Spain,0.73,0.83,8.42,
2020-11-07,Sri Lanka,0.23,0.23,2.71,
2020-11-07,Sudan,5.5,7.22,1.68,
2020-11-07,Sweden,2.02,2.32,7.06,
2020-11-07,Switzerland,1.04,1.17,7.87,
2020-11-07,Taiwan,0.24,0.26,0.81,
2020-11-07,Tanzania,4.92,5.88,7,
2020-11-07,Thailand,1.46,1.61,3.26,
2020-11-07,Tunisia,5.26,5.42,5.57,
2020-11-07,Turkey,1.68,1.91,7.11,
2020-11-07,Ukraine,5.26,6.02,8.3,
2020-11-07,United Arab Emirates,0.21,0.29,30.25,
2020-11-07,United Kingdom,0.72,0.92,6.56,
2020-11-07,Uruguay,0.59,0.62,1.84,
2020-11-07,Uzbekistan,5.85,6.01,12.9,
2020-11-07,Venezuela,2.18,2.4,4.43,
2020-11-07,Vietnam,1.08,1.27,3.89,
2020-11-07,Yemen,9.6,10.74,3.9,
2020-11-08,Afghanistan,18.83,17.21,15.41,
2020-11-08,Aland Islands,20.94,20.94,25.22,
2020-11-08,Albania,8.77,9.67,13.09,
2020-11-08,Algeria,6.23,6.63,6.68,
2020-11-08,American Samoa,13.94,15.1,33.37,
2020-11-08,Andorra,18.65,17.77,22.15,
2020-11-08,Angola,3.13,3.05,13.72,
2020-11-08,Argentina,1.58,1.71,5.16,
2020-11-08,Armenia,8.72,9.65,12.84,
2020-11-08,Australia,1.48,1.58,3.57,
2020-11-08,Austria,1.42,1.45,9.56,
2020-11-08,Azerbaijan,3.08,2.1,12.52,
2020-11-08,Bangladesh,10.74,10.47,8.35,
2020-11-08,Belarus,8.13,8.52,11.12,
2020-11-08,Belgium,1.15,1.24,9.12,
2020-11-08,Benin,5.2,5.2,10.03,
2020-11-08,Bolivia,4.39,4.74,5.38,
2020-11-08,Bosnia and Herzegovina,1.66,1.65,8.47,
2020-11-08,Brazil,1.74,1.88,4.71,
2020-11-08,Bulgaria,2.12,2.3,7.12,
2020-11-08,Burkina Faso,2.39,2.39,4.31,
2020-11-08,Cambodia,10.01,10.16,8.17,
2020-11-08,Cameroon,3.12,3.26,13.73,
2020-11-08,Canada,1.12,1.21,4.43,
2020-11-08,Chile,0.73,0.74,7.29,
2020-11-08,Colombia,2.81,2.96,6.19,
2020-11-08,Costa Rica,2.44,2.46,3.86,
2020-11-08,Croatia,2.88,3.36,6.12,
2020-11-08,Czech Republic,1.51,1.54,9.69,
2020-11-08,Côte d'Ivoire,3.18,3.18,5.62,
2020-11-08,Democratic Republic of the Congo,4.05,6.58,8.27,
2020-11-08,Denmark,2.5,2.65,16.32,
2020-11-08,Dominican Republic,2.83,3.45,7.64,
2020-11-08,Ecuador,3.36,4.03,8.08,
2020-11-08,Egypt,2.92,3.1,3.01,
2020-11-08,El Salvador,3.54,3.99,3.9,
2020-11-08,Ethiopia,3.45,3.74,11.75,
2020-11-08,Finland,2.11,2.1,5.5,
2020-11-08,France,1.31,1.37,11.1,
2020-11-08,Germany,0.66,0.69,6.87,
2020-11-08,Ghana,2.34,2.57,4.7,
2020-11-08,Greece,0.99,1.05,8.62,
2020-11-08,Guatemala,3.39,3.5,3.21,
2020-11-08,Guinea,6.51,5.11,18.42,
2020-11-08,Haiti,4.65,5.17,6.86,
2020-11-08,Honduras,3.99,4.18,15.54,
2020-11-08,Hong Kong,0.57,0.57,7.68,
2020-11-08,Hungary,1.43,1.44,5.54,
2020-11-08,India,2.74,2.96,8.92,
2020-11-08,Indonesia,2.47,2.67,11.52,
2020-11-08,Iraq,6.99,7.45,10.4,
2020-11-08,Ireland,0.52,0.56,3.72,
2020-11-08,Israel,0.68,0.68,7.51,
2020-11-08,Italy,0.8,0.92,10.26,
2020-11-08,Japan,0.66,0.81,0.93,
2020-11-08,Jordan,5.58,5.92,17,
2020-11-08,Kazakhstan,1.3,1.65,8.14,
2020-11-08,Kenya,4.46,4.89,7.71,
2020-11-08,Kuwait,2.58,2.82,10.96,
2020-11-08,Kyrgyzstan,4.05,3.55,7.82,
2020-11-08,Laos,5.79,6.23,4.42,
2020-11-08,Lebanon,3.17,3.2,11.89,
2020-11-08,Libya,3.76,4.65,6.14,
2020-11-08,Madagascar,4.17,4.17,2.19,
2020-11-08,Malaysia,0.73,0.74,5.93,
2020-11-08,Mali,2.97,3.65,15.5,
2020-11-08,Mexico,2.12,2.41,4.21,
2020-11-08,Moldova,2.8,3.39,8.84,
2020-11-08,Morocco,5.44,5.79,9.25,
2020-11-08,Mozambique,2.57,3.59,9.67,
2020-11-08,Myanmar,4.2,4.46,9.54,
2020-11-08,Nepal,2.73,3.54,11.06,
2020-11-08,Netherlands,1.3,1.37,7.78,
2020-11-08,New Zealand,1.96,2.06,3.42,
2020-11-08,Nicaragua,2.65,2.64,1.63,
2020-11-08,Nigeria,7.13,7.34,4.83,
2020-11-08,Norway,1.41,1.53,6.11,
2020-11-08,Oman,2.38,2.91,8.23,
2020-11-08,Pakistan,7.71,8.26,8.36,
2020-11-08,Palestine,7.34,7.52,7.64,
2020-11-08,Panama,1.6,1.82,6.14,
2020-11-08,Paraguay,3.2,3.41,6.59,
2020-11-08,Peru,3.57,4,9.46,
2020-11-08,Philippines,0.79,0.8,4.19,
2020-11-08,Poland,3.35,3.47,8.49,
2020-11-08,Portugal,0.75,0.81,6.5,
2020-11-08,"Puerto Rico, U.S.",1.57,1.38,14.89,
2020-11-08,Qatar,3.17,3.61,11.62,
2020-11-08,Romania,1.57,1.73,7.67,
2020-11-08,Russia,6.28,6.47,14.14,
2020-11-08,Saudi Arabia,4.35,4.46,8.16,
2020-11-08,Senegal,7.7,6.49,2.63,
2020-11-08,Serbia,2.12,2.13,4.81,
2020-11-08,Singapore,0.52,0.58,7.93,
2020-11-08,Slovakia,1.14,1.25,66.85,
2020-11-08,Slovenia,1.52,1.49,5.35,
2020-11-08,South Africa,3.76,4.21,6.06,
2020-11-08,South Korea,0.99,1.32,1.95,
2020-11-08,Spain,0.76,0.86,8.4,
2020-11-08,Sri Lanka,0.35,0.37,2.78,
2020-11-08,Sudan,6.08,7.75,2.05,
2020-11-08,Sweden,2.15,2.42,7.27,
2020-11-08,Switzerland,1.2,1.21,8.02,
2020-11-08,Taiwan,0.26,0.27,0.73,
2020-11-08,Tanzania,3.96,4.98,2.98,
2020-11-08,Thailand,1.73,1.87,3.1,
2020-11-08,Tunisia,5.54,5.95,5.62,
2020-11-08,Turkey,1.65,1.77,7.1,
2020-11-08,Ukraine,5.04,5.75,8.08,
2020-11-08,United Arab Emirates,0.44,0.52,30.93,
2020-11-08,United Kingdom,0.87,1.05,6.71,
2020-11-08,Uruguay,0.57,0.63,1.77,
2020-11-08,Uzbekistan,5.69,5.85,11.71,
2020-11-08,Venezuela,2.39,2.58,4.59,
2020-11-08,Vietnam,1.06,1.24,3.54,
2020-11-08,Yemen,10.06,13.09,4.28,
2020-11-09,Afghanistan,18.03,16.5,15.13,
2020-11-09,Aland Islands,20.16,20.16,28.07,
2020-11-09,Albania,10.82,11.78,13.75,
2020-11-09,Algeria,6.13,6.79,6.4,
2020-11-09,American Samoa,16.29,17.36,33.6,
2020-11-09,Andorra,19.54,18.6,13.79,
2020-11-09,Angola,3.27,3.27,12.09,
2020-11-09,Argentina,1.46,1.57,5.29,
2020-11-09,Armenia,8.14,9.01,11.23,
2020-11-09,Australia,1.73,1.79,3.86,
2020-11-09,Austria,1.48,1.43,10.53,
2020-11-09,Azerbaijan,3.51,3.25,11.39,
2020-11-09,Bangladesh,10.1,9.73,8.25,
2020-11-09,Belarus,7.74,8.2,12.08,
2020-11-09,Belgium,1.31,1.41,9.26,
2020-11-09,Benin,7.94,7.94,13.04,
2020-11-09,Bolivia,4.18,4.74,5.28,
2020-11-09,Bosnia and Herzegovina,1.77,2.14,8.44,
2020-11-09,Brazil,1.79,1.91,4.75,
2020-11-09,Bulgaria,2.08,2.24,7.26,
2020-11-09,Burkina Faso,2.76,2.76,4.46,
2020-11-09,Cambodia,8.75,7.86,6.53,
2020-11-09,Cameroon,3.38,3.28,13.23,
2020-11-09,Canada,0.88,0.92,4.17,
2020-11-09,Chile,0.75,0.78,7,
2020-11-09,Colombia,3.12,3.29,6.29,
2020-11-09,Costa Rica,2.37,2.66,3.65,
2020-11-09,Croatia,2.72,3.19,6.39,
2020-11-09,Czech Republic,1.37,1.35,9.56,
2020-11-09,Côte d'Ivoire,3.11,2.87,5.05,
2020-11-09,Democratic Republic of the Congo,4.64,7.61,9.87,
2020-11-09,Denmark,2.61,2.71,17.23,
2020-11-09,Dominican Republic,2.77,3.28,7.6,
2020-11-09,Ecuador,3.41,3.92,8.28,
2020-11-09,Egypt,3.15,3.26,3.06,
2020-11-09,El Salvador,3.32,3.73,3.98,
2020-11-09,Ethiopia,4.18,4.48,12.38,
2020-11-09,Finland,2.11,2.12,5.07,
2020-11-09,France,1.28,1.35,11.11,
2020-11-09,Germany,0.65,0.67,6.89,
2020-11-09,Ghana,3.57,3.94,4.58,
2020-11-09,Greece,1.01,1.09,9.05,
2020-11-09,Guatemala,3.46,3.47,3.32,
2020-11-09,Haiti,4.69,4.69,6.18,
2020-11-09,Honduras,3.39,3.5,13.3,
2020-11-09,Hong Kong,0.42,0.42,7.5,
2020-11-09,Hungary,1.37,1.38,5.75,
2020-11-09,India,2.9,3.18,8.88,
2020-11-09,Indonesia,2.68,2.85,11.62,
2020-11-09,Iraq,7.08,7.37,9.94,
2020-11-09,Ireland,0.57,0.59,3.33,
2020-11-09,Israel,0.61,0.61,7.06,
2020-11-09,Italy,0.86,0.97,10.43,
2020-11-09,Japan,0.57,0.7,0.9,
2020-11-09,Jordan,5.53,5.75,16.77,
2020-11-09,Kazakhstan,1.24,1.69,8.11,
2020-11-09,Kenya,4.25,4.78,7.49,
2020-11-09,Kuwait,2.67,2.92,11.31,
2020-11-09,Kyrgyzstan,3.08,2.98,7.34,
2020-11-09,Laos,7.68,8.12,4.14,
2020-11-09,Lebanon,2.7,2.91,11.69,
2020-11-09,Libya,3.22,4.04,6.4,
2020-11-09,Madagascar,4.43,4.43,2.33,
2020-11-09,Malaysia,0.73,0.76,6.16,
2020-11-09,Mali,3.89,4.55,16.17,
2020-11-09,Mexico,2.13,2.42,4.18,
2020-11-09,Moldova,3.22,3.72,7.41,
2020-11-09,Morocco,5.53,5.88,9.28,
2020-11-09,Mozambique,2.52,2.86,9.99,
2020-11-09,Myanmar,4.41,4.72,8.94,
2020-11-09,Nepal,3.21,4.02,10.64,
2020-11-09,Netherlands,1.16,1.21,7.17,
2020-11-09,New Zealand,2.09,2.35,3,
2020-11-09,Nicaragua,2.59,2.59,1.65,
2020-11-09,Nigeria,7.56,7.83,5.15,
2020-11-09,Norway,1.26,1.42,6.22,
2020-11-09,Oman,2.94,3.47,7.91,
2020-11-09,Pakistan,7.79,8.41,8.3,
2020-11-09,Palestine,6.41,6.79,6.87,
2020-11-09,Panama,2.74,2.96,7.89,
2020-11-09,Paraguay,2.64,2.88,5.84,
2020-11-09,Peru,3.65,4.09,9.43,
2020-11-09,Philippines,0.94,1.07,4.41,
2020-11-09,Poland,3.33,3.47,8.53,
2020-11-09,Portugal,0.73,0.79,6.67,
2020-11-09,"Puerto Rico, U.S.",1.76,1.62,14.94,
2020-11-09,Qatar,3.02,3.46,13.91,
2020-11-09,Romania,1.69,1.82,7.92,
2020-11-09,Russia,6.17,6.37,14.28,
2020-11-09,Saudi Arabia,3.85,4.02,8.38,
2020-11-09,Senegal,7.24,5.91,2.01,
2020-11-09,Serbia,2.26,2.27,4.71,
2020-11-09,Singapore,0.54,0.6,7.38,
2020-11-09,Slovakia,0.82,0.93,66,
2020-11-09,Slovenia,1.45,1.38,6.06,
2020-11-09,South Africa,3.9,4.31,5.72,
2020-11-09,South Korea,1.04,1.38,2.25,
2020-11-09,Spain,0.76,0.85,8.44,
2020-11-09,Sri Lanka,0.36,0.38,1.92,
2020-11-09,Sudan,5.82,7.76,2.47,
2020-11-09,Sweden,2.03,2.26,7.39,
2020-11-09,Switzerland,1.04,1.12,8.51,
2020-11-09,Taiwan,0.23,0.24,0.62,
2020-11-09,Tanzania,2.49,3.5,4.51,
2020-11-09,Thailand,1.67,1.78,3.19,
2020-11-09,Tunisia,5.89,6.83,5.21,
2020-11-09,Turkey,1.69,1.84,7.31,
2020-11-09,Ukraine,5.08,5.83,8.25,
2020-11-09,United Arab Emirates,0.71,0.62,30.93,
2020-11-09,United Kingdom,1.03,1.19,6.65,
2020-11-09,Uruguay,0.4,0.45,1.88,
2020-11-09,Uzbekistan,5.46,5.43,12.33,
2020-11-09,Venezuela,2.69,2.86,4.52,
2020-11-09,Vietnam,1.07,1.24,3.53,
2020-11-09,Yemen,9.68,12.63,4.68,
2020-11-10,Afghanistan,17.71,16.69,14.93,
2020-11-10,Aland Islands,28.37,28.37,27.54,
2020-11-10,Albania,11.3,12.26,11.65,
2020-11-10,Algeria,5.83,6.39,5.75,
2020-11-10,American Samoa,15.92,15.92,38.14,
2020-11-10,Andorra,20.83,20.11,14.26,
2020-11-10,Angola,3.89,4.19,12.92,
2020-11-10,Argentina,1.53,1.67,5.4,
2020-11-10,Armenia,9.63,10.17,9.13,
2020-11-10,Australia,1.82,1.9,4.37,
2020-11-10,Austria,1.36,1.3,10.23,
2020-11-10,Azerbaijan,3.9,3.61,12.2,
2020-11-10,Bangladesh,10,9.76,7.46,
2020-11-10,Belarus,7.99,8.33,12.28,
2020-11-10,Belgium,1.38,1.45,9.54,
2020-11-10,Benin,6.72,6.72,13.69,
2020-11-10,Bolivia,4.3,4.87,5.61,
2020-11-10,Bosnia and Herzegovina,1.48,1.92,8.34,
2020-11-10,Brazil,1.85,1.99,4.68,
2020-11-10,Bulgaria,2.37,2.52,7.57,
2020-11-10,Burkina Faso,2.53,2.53,3.29,
2020-11-10,Cambodia,7.96,7.15,5.3,
2020-11-10,Cameroon,4.21,4.31,13.31,
2020-11-10,Canada,0.94,0.99,4.32,
2020-11-10,Chile,0.65,0.73,6.88,
2020-11-10,Colombia,3.17,3.31,6.1,
2020-11-10,Costa Rica,2.36,2.54,3.64,
2020-11-10,Croatia,3.06,3.54,6.67,
2020-11-10,Czech Republic,1.44,1.4,9.26,
2020-11-10,Côte d'Ivoire,2.99,3.55,4.55,
2020-11-10,Democratic Republic of the Congo,4.34,7.13,9.41,
2020-11-10,Denmark,2.78,2.8,17.32,
2020-11-10,Dominican Republic,2.8,3.23,7.69,
2020-11-10,Ecuador,3.3,3.78,8.24,
2020-11-10,Egypt,3.24,3.27,2.72,
2020-11-10,El Salvador,3.43,3.9,3.69,
2020-11-10,Ethiopia,3.47,3.79,11.02,
2020-11-10,Finland,1.86,1.86,5.33,
2020-11-10,France,1.28,1.37,10.95,
2020-11-10,Germany,0.65,0.68,6.64,
2020-11-10,Ghana,3.38,3.88,3.4,
2020-11-10,Greece,0.85,0.97,9.27,
2020-11-10,Guatemala,2.95,3.13,3.41,
2020-11-10,Guinea,6.85,5.33,15.24,
2020-11-10,Haiti,4.03,4.03,5.65,
2020-11-10,Honduras,3.57,3.95,13.62,
2020-11-10,Hong Kong,0.53,0.53,6,
2020-11-10,Hungary,1.31,1.35,5.63,
2020-11-10,India,3.07,3.29,9.02,
2020-11-10,Indonesia,2.65,2.81,11.41,
2020-11-10,Iraq,6.94,7.36,9.33,
2020-11-10,Ireland,0.68,0.76,3.25,
2020-11-10,Israel,0.59,0.56,7.43,
2020-11-10,Italy,0.86,0.98,10.53,
2020-11-10,Japan,0.57,0.69,0.97,
2020-11-10,Jordan,6,6.29,17.04,
2020-11-10,Kazakhstan,1.18,1.66,7.84,
2020-11-10,Kenya,4.27,4.86,7.63,
2020-11-10,Kuwait,0.79,1.03,13.58,
2020-11-10,Kyrgyzstan,2.84,2.96,7.45,
2020-11-10,Laos,6.99,5.94,4.04,
2020-11-10,Lebanon,2.86,3.1,11.49,
2020-11-10,Libya,3.07,3.81,6.03,
2020-11-10,Madagascar,6.35,6.35,2.31,
2020-11-10,Malaysia,0.79,0.83,5.58,
2020-11-10,Mali,4.48,4.67,15.22,
2020-11-10,Mexico,2.14,2.42,4.1,
2020-11-10,Moldova,2.73,3.02,7.41,
2020-11-10,Morocco,6.21,6.12,9.48,
2020-11-10,Mozambique,2.61,2.83,9.75,
2020-11-10,Myanmar,4.97,5.22,9.68,
2020-11-10,Nepal,3.39,4.22,9.53,
2020-11-10,Netherlands,1.06,1.11,7.2,
2020-11-10,New Zealand,1.83,1.97,2.39,
2020-11-10,Nicaragua,3.01,3.12,1.92,
2020-11-10,Nigeria,6.82,7.06,6.11,
2020-11-10,Norway,1.51,1.7,6.11,
2020-11-10,Oman,2.93,3.45,9.06,
2020-11-10,Pakistan,7.95,8.49,7.9,
2020-11-10,Palestine,5.12,5.66,6.64,
2020-11-10,Panama,2.69,3.01,7.71,
2020-11-10,Paraguay,2.56,2.76,5.45,
2020-11-10,Peru,3.72,4.19,9.33,
2020-11-10,Philippines,0.93,1.03,4.41,
2020-11-10,Poland,3.2,3.3,8.05,
2020-11-10,Portugal,0.46,0.51,6.36,
2020-11-10,"Puerto Rico, U.S.",1.78,1.65,15.29,
2020-11-10,Qatar,2.88,3.34,13.61,
2020-11-10,Romania,1.6,1.73,7.98,
2020-11-10,Russia,6.15,6.4,14.15,
2020-11-10,Saudi Arabia,4.72,4.86,9.98,
2020-11-10,Senegal,8.6,8.52,1.85,
2020-11-10,Serbia,2.61,2.52,5.18,
2020-11-10,Singapore,0.54,0.6,7.09,
2020-11-10,Slovakia,0.85,0.96,64.23,
2020-11-10,Slovenia,1.35,1.21,6.82,
2020-11-10,South Africa,3.88,4.35,5.51,
2020-11-10,South Korea,0.53,0.84,1.83,
2020-11-10,Spain,0.83,0.91,8.66,
2020-11-10,Sri Lanka,0.52,0.54,1.67,
2020-11-10,Sudan,5.67,7.5,2.32,
2020-11-10,Sweden,2.01,2.28,7.66,
2020-11-10,Switzerland,1.11,1.22,8.84,
2020-11-10,Taiwan,0.23,0.25,0.72,
2020-11-10,Tanzania,4.59,7.61,6.45,
2020-11-10,Thailand,1.57,1.67,3.11,
2020-11-10,Tunisia,6.02,7.25,4.93,
2020-11-10,Turkey,1.67,1.84,7.2,
2020-11-10,Ukraine,5.16,5.9,8.36,
2020-11-10,United Arab Emirates,0.81,0.73,29.02,
2020-11-10,United Kingdom,1.06,1.19,6.69,
2020-11-10,Uruguay,0.36,0.41,2.22,
2020-11-10,Uzbekistan,5.6,5.48,13.23,
2020-11-10,Venezuela,2.52,2.77,4.27,
2020-11-10,Vietnam,1.06,1.21,3.26,
2020-11-10,Yemen,11.29,15.52,4.4,
2020-11-11,Afghanistan,17.16,15.99,14.03,
2020-11-11,Aland Islands,28.52,28.52,26.98,
2020-11-11,Albania,12.66,13.52,11.16,
2020-11-11,Algeria,5.9,6.6,5.54,
2020-11-11,Angola,4.37,4.73,12.79,
2020-11-11,Argentina,1.57,1.73,5.28,
2020-11-11,Australia,1.86,1.92,4.11,
2020-11-11,Austria,1.42,1.33,10.46,
2020-11-11,Azerbaijan,4.3,3.97,11.26,
2020-11-11,Bangladesh,10.26,10.22,6.98,
2020-11-11,Belarus,8.37,8.9,12.36,
2020-11-11,Belgium,1.46,1.52,9.44,
2020-11-11,Benin,7.68,7.68,14.27,
2020-11-11,Bolivia,4.31,4.78,5.17,
2020-11-11,Bosnia and Herzegovina,1.34,1.86,7.51,
2020-11-11,Brazil,1.85,2,4.75,
2020-11-11,Bulgaria,2.55,2.68,7.81,
2020-11-11,Cambodia,7.68,6.39,5.78,
2020-11-11,Cameroon,3.51,3.63,12.8,
2020-11-11,Canada,0.96,0.99,4.25,
2020-11-11,Chile,0.63,0.7,6.86,
2020-11-11,Colombia,3.17,3.39,6.16,
2020-11-11,Costa Rica,2.44,2.52,4.06,
2020-11-11,Croatia,3.2,3.62,7.05,
2020-11-11,Czech Republic,1.45,1.41,9.06,
2020-11-11,Côte d'Ivoire,3.38,4.01,4.26,
2020-11-11,Denmark,3.06,3.07,17.65,
2020-11-11,Dominican Republic,2.56,3.02,7.49,
2020-11-11,Ecuador,3.22,3.64,8.28,
2020-11-11,Egypt,3.47,3.5,2.63,
2020-11-11,El Salvador,3.45,3.88,3.48,
2020-11-11,Ethiopia,3.08,3.44,10.93,
2020-11-11,Finland,1.06,1.1,4.71,
2020-11-11,France,1.3,1.41,10.94,
2020-11-11,Germany,0.63,0.66,6.63,
2020-11-11,Ghana,3.68,4.25,3.02,
2020-11-11,Greece,0.9,1,9.69,
2020-11-11,Guatemala,2.76,2.95,3.7,
2020-11-11,Honduras,3.39,3.68,15.04,
2020-11-11,Hong Kong,0.49,0.49,6.1,
2020-11-11,Hungary,1.37,1.42,5.6,
2020-11-11,India,3.16,3.36,9.03,
2020-11-11,Indonesia,2.66,2.77,11.51,
2020-11-11,Iraq,7.06,7.58,9.33,
2020-11-11,Ireland,0.72,0.8,3.23,
2020-11-11,Israel,0.53,0.49,7.39,
2020-11-11,Italy,0.88,0.99,10.56,
2020-11-11,Japan,0.6,0.72,0.99,
2020-11-11,Jordan,6.16,6.28,17.21,
2020-11-11,Kazakhstan,0.98,1.33,7.87,
2020-11-11,Kenya,4.51,5.05,7.59,
2020-11-11,Kuwait,0.9,1.18,12.87,
2020-11-11,Kyrgyzstan,2.8,3.22,7.85,
2020-11-11,Laos,7.64,6.39,4.3,
2020-11-11,Lebanon,2.9,3.17,12.36,
2020-11-11,Libya,3.2,4.03,6.07,
2020-11-11,Malaysia,0.82,0.85,5.83,
2020-11-11,Mexico,2.21,2.49,4.1,
2020-11-11,Moldova,2.69,3.03,7.65,
2020-11-11,Morocco,5.94,5.81,9.13,
2020-11-11,Mozambique,2.02,2.1,9.37,
2020-11-11,Myanmar,5.61,5.84,9.95,
2020-11-11,Nepal,3.44,4.4,8.67,
2020-11-11,Netherlands,1.09,1.16,7.37,
2020-11-11,New Zealand,1.98,2.07,2.41,
2020-11-11,Nicaragua,3.22,3.22,1.57,
2020-11-11,Nigeria,7.34,7.76,6.33,
2020-11-11,Norway,1.57,1.79,6.26,
2020-11-11,Oman,2.81,3.42,9.37,
2020-11-11,Pakistan,8.01,8.37,7.69,
2020-11-11,Palestine,5.5,6.14,6.88,
2020-11-11,Panama,2.62,2.89,7.78,
2020-11-11,Peru,3.89,4.41,9.23,
2020-11-11,Philippines,1,1.12,4.39,
2020-11-11,Poland,3.29,3.41,8.19,
2020-11-11,Portugal,0.44,0.49,6.42,
2020-11-11,Romania,1.69,1.82,8.18,
2020-11-11,Russia,6.18,6.45,14.56,
2020-11-11,Saudi Arabia,4.61,4.87,10.25,
2020-11-11,Senegal,7.66,9.02,2.09,
2020-11-11,Serbia,2.87,2.71,5.38,
2020-11-11,Singapore,0.22,0.22,6.71,
2020-11-11,Slovakia,0.96,1,63.71,
2020-11-11,Slovenia,1.33,1.16,6.85,
2020-11-11,South Africa,3.86,4.39,5.43,
2020-11-11,South Korea,0.44,0.8,1.81,
2020-11-11,Spain,0.89,0.97,8.94,
2020-11-11,Sri Lanka,0.54,0.56,1.41,
2020-11-11,Sudan,5.84,7.91,2.31,
2020-11-11,Sweden,2.14,2.46,7.81,
2020-11-11,Switzerland,1.2,1.32,8.9,
2020-11-11,Taiwan,0.21,0.23,0.48,
2020-11-11,Tanzania,5.15,8.32,6.75,
2020-11-11,Thailand,1.57,1.64,2.91,
2020-11-11,Tunisia,5.61,6.82,4.33,
2020-11-11,Turkey,1.74,1.94,7.32,
2020-11-11,Ukraine,5.38,6.19,8.42,
2020-11-11,United Arab Emirates,0.91,0.81,27.75,
2020-11-11,United Kingdom,1.14,1.27,6.72,
2020-11-11,Uruguay,0.39,0.44,2.29,
2020-11-11,Uzbekistan,5.59,5.32,14.06,
2020-11-11,Venezuela,2.3,2.54,4.13,
2020-11-11,Vietnam,1.06,1.23,2.91,
2020-11-01,UnitedStates,0.4766,0.4766,0,ak
2020-11-01,UnitedStates,1.1111,0.9273,0,al
2020-11-01,UnitedStates,1.1029,1.0244,0,ar
2020-11-01,UnitedStates,0.6676,0.6898,0,az
2020-11-01,UnitedStates,1.018,0.9788,0,ca
2020-11-01,UnitedStates,0.6541,0.5779,0,co
2020-11-01,UnitedStates,0.4767,0.3424,0,ct
2020-11-01,UnitedStates,1.9629,1.9629,0,dc
2020-11-01,UnitedStates,0.0706,0.143,0,de
2020-11-01,UnitedStates,0.7834,0.7347,0,fl
2020-11-01,UnitedStates,0.8703,0.8222,0,ga
2020-11-01,UnitedStates,0.282,0.4618,0,hi
2020-11-01,UnitedStates,1.0838,1.1509,0,ia
2020-11-01,UnitedStates,1.385,1.5686,0,id
2020-11-01,UnitedStates,1.1944,1.1683,0,il
2020-11-01,UnitedStates,1.0478,1.1641,0,in
2020-11-01,UnitedStates,1.4473,1.3779,0,ks
2020-11-01,UnitedStates,0.8169,0.7801,0,ky
2020-11-01,UnitedStates,1.2076,1.2026,0,la
2020-11-01,UnitedStates,0.3828,0.3906,0,ma
2020-11-01,UnitedStates,0.5321,0.6107,0,md
2020-11-01,UnitedStates,0.4394,0.1283,0,me
2020-11-01,UnitedStates,1.0259,0.9673,0,mi
2020-11-01,UnitedStates,0.8269,0.815,0,mn
2020-11-01,UnitedStates,1.099,1.0917,0,mo
2020-11-01,UnitedStates,1.587,1.7541,0,ms
2020-11-01,UnitedStates,2.1062,1.9841,0,mt
2020-11-01,UnitedStates,0.8551,0.9129,0,nc
2020-11-01,UnitedStates,3.1391,2.9064,0,nd
2020-11-01,UnitedStates,1.5304,1.4833,0,ne
2020-11-01,UnitedStates,0.3883,0.3883,0,nh
2020-11-01,UnitedStates,0.4068,0.3473,0,nj
2020-11-01,UnitedStates,2.2611,2.2328,0,nm
2020-11-01,UnitedStates,0.7323,0.7907,0,nv
2020-11-01,UnitedStates,0.4225,0.3493,0,ny
2020-11-01,UnitedStates,1.0578,0.9989,0,oh
2020-11-01,UnitedStates,2.3542,2.281,0,ok
2020-11-01,UnitedStates,0.58,0.5427,0,or
2020-11-01,UnitedStates,0.7918,0.7679,0,pa
2020-11-01,UnitedStates,1.5388,1.4758,0,ri
2020-11-01,UnitedStates,1.0184,0.9069,0,sc
2020-11-01,UnitedStates,2.0903,2.0903,0,sd
2020-11-01,UnitedStates,1.1117,1.0034,0,tn
2020-11-01,UnitedStates,1.0397,1.031,0,tx
2020-11-01,UnitedStates,0.9368,0.6714,0,ut
2020-11-01,UnitedStates,0.8083,0.7185,0,va
2020-11-01,UnitedStates,0.6708,0.5136,0,vt
2020-11-01,UnitedStates,0.6614,0.6505,0,wa
2020-11-01,UnitedStates,1.2499,1.2671,0,wi
2020-11-01,UnitedStates,0.7772,0.8914,0,wv
2020-11-01,UnitedStates,3.3853,2.4667,0,wy
